t,py,vy
0.0000,2.110000,0.000000
0.0083,2.109659,-0.081750
0.0167,2.108637,-0.163500
0.0250,2.106934,-0.245250
0.0333,2.104550,-0.327000
0.0417,2.101484,-0.408750
0.0500,2.097737,-0.490500
0.0583,2.093309,-0.572250
0.0667,2.088200,-0.654000
0.0750,2.082409,-0.735750
0.0833,2.075937,-0.817500
0.0917,2.068784,-0.899250
0.1000,2.060950,-0.981000
0.1083,2.052434,-1.062750
0.1167,2.043237,-1.144500
0.1250,2.033359,-1.226250
0.1333,2.022800,-1.308000
0.1417,2.011559,-1.389750
0.1500,1.999637,-1.471500
0.1583,1.987034,-1.553250
0.1667,1.973750,-1.635000
0.1750,1.959784,-1.716750
0.1833,1.945137,-1.798500
0.1917,1.929809,-1.880250
0.2000,1.913800,-1.962000
0.2083,1.897109,-2.043750
0.2167,1.879737,-2.125500
0.2250,1.861684,-2.207250
0.2333,1.842950,-2.289000
0.2417,1.823534,-2.370750
0.2500,1.803437,-2.452500
0.2583,1.782659,-2.534250
0.2667,1.761200,-2.616000
0.2750,1.739059,-2.697750
0.2833,1.716237,-2.779500
0.2917,1.692734,-2.861250
0.3000,1.668550,-2.943000
0.3083,1.643684,-3.024750
0.3167,1.618137,-3.106500
0.3250,1.591909,-3.188250
0.3333,1.565000,-3.270000
0.3417,1.537409,-3.351750
0.3500,1.509137,-3.433500
0.3583,1.480184,-3.515250
0.3667,1.450550,-3.597000
0.3750,1.420234,-3.678750
0.3833,1.389237,-3.760500
0.3917,1.357559,-3.842250
0.4000,1.325200,-3.924000
0.4083,1.292159,-4.005750
0.4167,1.258437,-4.087500
0.4250,1.224034,-4.169250
0.4333,1.188950,-4.251000
0.4417,1.153184,-4.332750
0.4500,1.116737,-4.414500
0.4583,1.079609,-4.496250
0.4667,1.041800,-4.578000
0.4750,1.003309,-4.659750
0.4833,0.964137,-4.741500
0.4917,0.924284,-4.823250
0.5000,0.883750,-4.905000
0.5083,0.842534,-4.986750
0.5167,0.800637,-5.068500
0.5250,0.758059,-5.150250
0.5333,0.714800,-5.232000
0.5417,0.670859,-5.313750
0.5500,0.626237,-5.395500
0.5583,0.580934,-5.477250
0.5667,0.534950,-5.559000
0.5750,0.488284,-5.640750
0.5833,0.440937,-5.722500
0.5917,0.392909,-5.804250
0.6000,0.344200,-5.886000
0.6083,0.294809,-5.967750
0.6167,0.244737,-6.049500
0.6250,0.193984,-6.131250
0.6333,0.142550,-6.213000
0.6417,0.129486,6.233568
0.6500,0.181092,6.151818
0.6583,0.232017,6.070068
0.6667,0.282260,5.988318
0.6750,0.331822,5.906568
0.6833,0.380703,5.824818
0.6917,0.428902,5.743068
0.7000,0.476420,5.661318
0.7083,0.523257,5.579568
0.7167,0.569413,5.497818
0.7250,0.614888,5.416068
0.7333,0.659681,5.334318
0.7417,0.703793,5.252568
0.7500,0.747224,5.170818
0.7583,0.789973,5.089068
0.7667,0.832042,5.007318
0.7750,0.873429,4.925568
0.7833,0.914134,4.843818
0.7917,0.954159,4.762068
0.8000,0.993502,4.680318
0.8083,1.032164,4.598568
0.8167,1.070145,4.516818
0.8250,1.107444,4.435068
0.8333,1.144063,4.353318
0.8417,1.180000,4.271568
0.8500,1.215256,4.189818
0.8583,1.249830,4.108068
0.8667,1.283723,4.026318
0.8750,1.316935,3.944568
0.8833,1.349466,3.862818
0.8917,1.381316,3.781068
0.9000,1.412484,3.699318
0.9083,1.442971,3.617568
0.9167,1.472777,3.535818
0.9250,1.501901,3.454068
0.9333,1.530345,3.372318
0.9417,1.558107,3.290568
0.9500,1.585187,3.208818
0.9583,1.611587,3.127068
0.9667,1.637305,3.045318
0.9750,1.662342,2.963568
0.9833,1.686698,2.881818
0.9917,1.710372,2.800068
1.0000,1.733366,2.718318
1.0083,1.755678,2.636568
1.0167,1.777308,2.554818
1.0250,1.798258,2.473068
1.0333,1.818526,2.391318
1.0417,1.838113,2.309568
1.0500,1.857019,2.227818
1.0583,1.875244,2.146068
1.0667,1.892787,2.064318
1.0750,1.909649,1.982568
1.0833,1.925830,1.900818
1.0917,1.941329,1.819068
1.1000,1.956147,1.737318
1.1083,1.970284,1.655568
1.1167,1.983740,1.573818
1.1250,1.996515,1.492068
1.1333,2.008608,1.410318
1.1417,2.020020,1.328568
1.1500,2.030751,1.246818
1.1583,2.040800,1.165068
1.1667,2.050169,1.083318
1.1750,2.058856,1.001568
1.1833,2.066861,0.919818
1.1917,2.074186,0.838068
1.2000,2.080829,0.756318
1.2083,2.086791,0.674568
1.2167,2.092072,0.592818
1.2250,2.096672,0.511068
1.2333,2.100590,0.429318
1.2417,2.103827,0.347568
1.2500,2.106383,0.265818
1.2583,2.108257,0.184068
1.2667,2.109450,0.102318
1.2750,2.109962,0.020568
1.2833,2.109793,-0.061182
1.2917,2.108943,-0.142932
1.3000,2.107411,-0.224682
1.3083,2.105198,-0.306432
1.3167,2.102304,-0.388182
1.3250,2.098728,-0.469932
1.3333,2.094472,-0.551682
1.3417,2.089534,-0.633432
1.3500,2.083914,-0.715182
1.3583,2.077614,-0.796932
1.3667,2.070632,-0.878682
1.3750,2.062969,-0.960432
1.3833,2.054625,-1.042182
1.3917,2.045599,-1.123932
1.4000,2.035893,-1.205682
1.4083,2.025505,-1.287432
1.4167,2.014436,-1.369182
1.4250,2.002685,-1.450932
1.4333,1.990253,-1.532682
1.4417,1.977140,-1.614432
1.4500,1.963346,-1.696182
1.4583,1.948871,-1.777932
1.4667,1.933714,-1.859682
1.4750,1.917876,-1.941432
1.4833,1.901357,-2.023182
1.4917,1.884156,-2.104932
1.5000,1.866274,-2.186682
1.5083,1.847712,-2.268432
1.5167,1.828467,-2.350182
1.5250,1.808542,-2.431932
1.5333,1.787935,-2.513682
1.5417,1.766647,-2.595432
1.5500,1.744678,-2.677182
1.5583,1.722027,-2.758932
1.5667,1.698696,-2.840682
1.5750,1.674683,-2.922432
1.5833,1.649988,-3.004182
1.5917,1.624613,-3.085932
1.6000,1.598556,-3.167682
1.6083,1.571818,-3.249432
1.6167,1.544399,-3.331182
1.6250,1.516299,-3.412932
1.6333,1.487517,-3.494682
1.6417,1.458054,-3.576432
1.6500,1.427910,-3.658182
1.6583,1.397084,-3.739932
1.6667,1.365577,-3.821682
1.6750,1.333389,-3.903432
1.6833,1.300520,-3.985182
1.6917,1.266970,-4.066932
1.7000,1.232738,-4.148682
1.7083,1.197825,-4.230432
1.7167,1.162231,-4.312182
1.7250,1.125955,-4.393932
1.7333,1.088999,-4.475682
1.7417,1.051361,-4.557432
1.7500,1.013041,-4.639182
1.7583,0.974041,-4.720932
1.7667,0.934359,-4.802682
1.7750,0.893996,-4.884432
1.7833,0.852952,-4.966182
1.7917,0.811226,-5.047932
1.8000,0.768820,-5.129682
1.8083,0.725732,-5.211432
1.8167,0.681963,-5.293182
1.8250,0.637512,-5.374932
1.8333,0.592380,-5.456682
1.8417,0.546567,-5.538432
1.8500,0.500073,-5.620182
1.8583,0.452898,-5.701932
1.8667,0.405041,-5.783682
1.8750,0.356503,-5.865432
1.8833,0.307284,-5.947182
1.8917,0.257383,-6.028932
1.9000,0.206802,-6.110682
1.9083,0.155539,-6.192432
1.9167,0.116411,6.254086
1.9250,0.168188,6.172336
1.9333,0.219283,6.090586
1.9417,0.269698,6.008836
1.9500,0.319431,5.927086
1.9583,0.368482,5.845336
1.9667,0.416853,5.763586
1.9750,0.464542,5.681836
1.9833,0.511550,5.600086
1.9917,0.557877,5.518336
2.0000,0.603522,5.436586
2.0083,0.648487,5.354836
2.0167,0.692770,5.273086
2.0250,0.736372,5.191336
2.0333,0.779292,5.109586
2.0417,0.821531,5.027836
2.0500,0.863089,4.946086
2.0583,0.903966,4.864336
2.0667,0.944162,4.782586
2.0750,0.983676,4.700836
2.0833,1.022509,4.619086
2.0917,1.060661,4.537336
2.1000,1.098131,4.455586
2.1083,1.134920,4.373836
2.1167,1.171028,4.292086
2.1250,1.206455,4.210336
2.1333,1.241201,4.128586
2.1417,1.275265,4.046836
2.1500,1.308648,3.965086
2.1583,1.341350,3.883336
2.1667,1.373370,3.801586
2.1750,1.404709,3.719836
2.1833,1.435367,3.638086
2.1917,1.465344,3.556336
2.2000,1.494640,3.474586
2.2083,1.523254,3.392836
2.2167,1.551187,3.311086
2.2250,1.578439,3.229336
2.2333,1.605009,3.147586
2.2417,1.630898,3.065836
2.2500,1.656106,2.984086
2.2583,1.680633,2.902336
2.2667,1.704479,2.820586
2.2750,1.727643,2.738836
2.2833,1.750126,2.657086
2.2917,1.771928,2.575336
2.3000,1.793048,2.493586
2.3083,1.813487,2.411836
2.3167,1.833245,2.330086
2.3250,1.852322,2.248336
2.3333,1.870718,2.166586
2.3417,1.888432,2.084836
2.3500,1.905465,2.003086
2.3583,1.921817,1.921336
2.3667,1.937487,1.839586
2.3750,1.952477,1.757836
2.3833,1.966785,1.676086
2.3917,1.980411,1.594336
2.4000,1.993357,1.512586
2.4083,2.005621,1.430836
2.4167,2.017204,1.349086
2.4250,2.028106,1.267336
2.4333,2.038326,1.185586
2.4417,2.047866,1.103836
2.4500,2.056724,1.022086
2.4583,2.064900,0.940336
2.4667,2.072396,0.858586
2.4750,2.079210,0.776836
2.4833,2.085343,0.695086
2.4917,2.090795,0.613336
2.5000,2.095565,0.531586
2.5083,2.099655,0.449836
2.5167,2.103063,0.368086
2.5250,2.105789,0.286336
2.5333,2.107835,0.204586
2.5417,2.109199,0.122836
2.5500,2.109882,0.041086
2.5583,2.109884,-0.040664
2.5667,2.109204,-0.122414
2.5750,2.107844,-0.204164
2.5833,2.105802,-0.285914
2.5917,2.103078,-0.367664
2.6000,2.099674,-0.449414
2.6083,2.095588,-0.531164
2.6167,2.090821,-0.612914
2.6250,2.085373,-0.694664
2.6333,2.079243,-0.776414
2.6417,2.072433,-0.858164
2.6500,2.064941,-0.939914
2.6583,2.056767,-1.021664
2.6667,2.047913,-1.103414
2.6750,2.038377,-1.185164
2.6833,2.028160,-1.266914
2.6917,2.017262,-1.348664
2.7000,2.005683,-1.430414
2.7083,1.993422,-1.512164
2.7167,1.980480,-1.593914
2.7250,1.966857,-1.675664
2.7333,1.952552,-1.757414
2.7417,1.937566,-1.839164
2.7500,1.921899,-1.920914
2.7583,1.905551,-2.002664
2.7667,1.888522,-2.084414
2.7750,1.870811,-2.166164
2.7833,1.852419,-2.247914
2.7917,1.833346,-2.329664
2.8000,1.813591,-2.411414
2.8083,1.793155,-2.493164
2.8167,1.772038,-2.574914
2.8250,1.750240,-2.656664
2.8333,1.727761,-2.738414
2.8417,1.704600,-2.820164
2.8500,1.680758,-2.901914
2.8583,1.656235,-2.983664
2.8667,1.631030,-3.065414
2.8750,1.605144,-3.147164
2.8833,1.578577,-3.228914
2.8917,1.551329,-3.310664
2.9000,1.523400,-3.392414
2.9083,1.494789,-3.474164
2.9167,1.465497,-3.555914
2.9250,1.435524,-3.637664
2.9333,1.404869,-3.719414
2.9417,1.373533,-3.801164
2.9500,1.341516,-3.882914
2.9583,1.308818,-3.964664
2.9667,1.275439,-4.046414
2.9750,1.241378,-4.128164
2.9833,1.206636,-4.209914
2.9917,1.171213,-4.291664
3.0000,1.135108,-4.373414
3.0083,1.098322,-4.455164
3.0167,1.060855,-4.536914
3.0250,1.022707,-4.618664
3.0333,0.983878,-4.700414
3.0417,0.944367,-4.782164
3.0500,0.904175,-4.863914
3.0583,0.863302,-4.945664
3.0667,0.821747,-5.027414
3.0750,0.779512,-5.109164
3.0833,0.736595,-5.190914
3.0917,0.692996,-5.272664
3.1000,0.648717,-5.354414
3.1083,0.603756,-5.436164
3.1167,0.558114,-5.517914
3.1250,0.511791,-5.599664
3.1333,0.464786,-5.681414
3.1417,0.417101,-5.763164
3.1500,0.368734,-5.844914
3.1583,0.319685,-5.926664
3.1667,0.269956,-6.008414
3.1750,0.219545,-6.090164
3.1833,0.168453,-6.171914
3.1917,0.116680,-6.253664
3.2000,0.155273,6.192803
3.2083,0.206539,6.111053
3.2167,0.257123,6.029303
3.2250,0.307027,5.947553
3.2333,0.356249,5.865803
3.2417,0.404790,5.784053
3.2500,0.452650,5.702303
3.2583,0.499829,5.620553
3.2667,0.546326,5.538803
3.2750,0.592142,5.457053
3.2833,0.637277,5.375303
3.2917,0.681731,5.293553
3.3000,0.725503,5.211803
3.3083,0.768594,5.130053
3.3167,0.811004,5.048303
3.3250,0.852732,4.966553
3.3333,0.893780,4.884803
3.3417,0.934146,4.803053
3.3500,0.973831,4.721303
3.3583,1.012834,4.639553
3.3667,1.051156,4.557803
3.3750,1.088797,4.476053
3.3833,1.125757,4.394303
3.3917,1.162036,4.312553
3.4000,1.197633,4.230803
3.4083,1.232549,4.149053
3.4167,1.266784,4.067303
3.4250,1.300338,3.985553
3.4333,1.333210,3.903803
3.4417,1.365401,3.822053
3.4500,1.396911,3.740303
3.4583,1.427739,3.658553
3.4667,1.457887,3.576803
3.4750,1.487353,3.495053
3.4833,1.516138,3.413303
3.4917,1.544241,3.331553
3.5000,1.571663,3.249803
3.5083,1.598405,3.168053
3.5167,1.624464,3.086303
3.5250,1.649843,3.004553
3.5333,1.674540,2.922803
3.5417,1.698556,2.841053
3.5500,1.721891,2.759303
3.5583,1.744545,2.677553
3.5667,1.766517,2.595803
3.5750,1.787808,2.514053
3.5833,1.808418,2.432303
3.5917,1.828346,2.350553
3.6000,1.847594,2.268803
3.6083,1.866160,2.187053
3.6167,1.884045,2.105303
3.6250,1.901248,2.023553
3.6333,1.917771,1.941803
3.6417,1.933612,1.860053
3.6500,1.948771,1.778303
3.6583,1.963250,1.696553
3.6667,1.977047,1.614803
3.6750,1.990163,1.533053
3.6833,2.002598,1.451303
3.6917,2.014352,1.369553
3.7000,2.025424,1.287803
3.7083,2.035815,1.206053
3.7167,2.045525,1.124303
3.7250,2.054554,1.042553
3.7333,2.062901,0.960803
3.7417,2.070567,0.879053
3.7500,2.077552,0.797303
3.7583,2.083855,0.715553
3.7667,2.089478,0.633803
3.7750,2.094419,0.552053
3.7833,2.098679,0.470303
3.7917,2.102257,0.388553
3.8000,2.105154,0.306803
3.8083,2.107370,0.225053
3.8167,2.108905,0.143303
3.8250,2.109759,0.061553
3.8333,2.109931,-0.020197
3.8417,2.109422,-0.101947
3.8500,2.108232,-0.183697
3.8583,2.106361,-0.265447
3.8667,2.103808,-0.347197
3.8750,2.100574,-0.428947
3.8833,2.096659,-0.510697
3.8917,2.092062,-0.592447
3.9000,2.086785,-0.674197
3.9083,2.080826,-0.755947
3.9167,2.074186,-0.837697
3.9250,2.066864,-0.919447
3.9333,2.058862,-1.001197
3.9417,2.050178,-1.082947
3.9500,2.040812,-1.164697
3.9583,2.030766,-1.246447
3.9667,2.020038,-1.328197
3.9750,2.008629,-1.409947
3.9833,1.996539,-1.491697
3.9917,1.983768,-1.573447
4.0000,1.970315,-1.655197
4.0083,1.956181,-1.736947
4.0167,1.941366,-1.818697
4.0250,1.925869,-1.900447
4.0333,1.909692,-1.982197
4.0417,1.892833,-2.063947
4.0500,1.875293,-2.145697
4.0583,1.857071,-2.227447
4.0667,1.838169,-2.309197
4.0750,1.818585,-2.390947
4.0833,1.798319,-2.472697
4.0917,1.777373,-2.554447
4.1000,1.755745,-2.636197
4.1083,1.733436,-2.717947
4.1167,1.710446,-2.799697
4.1250,1.686775,-2.881447
4.1333,1.662422,-2.963197
4.1417,1.637388,-3.044947
4.1500,1.611673,-3.126697
4.1583,1.585277,-3.208447
4.1667,1.558199,-3.290197
4.1750,1.530440,-3.371947
4.1833,1.502000,-3.453697
4.1917,1.472878,-3.535447
4.2000,1.443076,-3.617197
4.2083,1.412592,-3.698947
4.2167,1.381427,-3.780697
4.2250,1.349580,-3.862447
4.2333,1.317052,-3.944197
4.2417,1.283844,-4.025947
4.2500,1.249953,-4.107697
4.2583,1.215382,-4.189447
4.2667,1.180129,-4.271197
4.2750,1.144195,-4.352947
4.2833,1.107580,-4.434697
4.2917,1.070284,-4.516447
4.3000,1.032306,-4.598197
4.3083,0.993647,-4.679947
4.3167,0.954307,-4.761697
4.3250,0.914285,-4.843447
4.3333,0.873583,-4.925197
4.3417,0.832199,-5.006947
4.3500,0.790134,-5.088697
4.3583,0.747387,-5.170447
4.3667,0.703960,-5.252197
4.3750,0.659851,-5.333947
4.3833,0.615060,-5.415697
4.3917,0.569589,-5.497447
4.4000,0.523436,-5.579197
4.4083,0.476602,-5.660947
4.4167,0.429087,-5.742697
4.4250,0.380891,-5.824447
4.4333,0.332013,-5.906197
4.4417,0.282454,-5.987947
4.4500,0.232214,-6.069697
4.4583,0.181293,-6.151447
4.4667,0.129690,-6.233197
4.4750,0.142346,6.213221
4.4833,0.193782,6.131471
4.4917,0.244537,6.049721
4.5000,0.294611,5.967971
4.5083,0.344003,5.886221
4.5167,0.392715,5.804471
4.5250,0.440745,5.722721
4.5333,0.488093,5.640971
4.5417,0.534761,5.559221
4.5500,0.580747,5.477471
4.5583,0.626052,5.395721
4.5667,0.670676,5.313971
4.5750,0.714618,5.232221
4.5833,0.757879,5.150471
4.5917,0.800459,5.068721
4.6000,0.842358,4.986971
4.6083,0.883576,4.905221
4.6167,0.924112,4.823471
4.6250,0.963967,4.741721
4.6333,1.003141,4.659971
4.6417,1.041633,4.578221
4.6500,1.079444,4.496471
4.6583,1.116574,4.414721
4.6667,1.153023,4.332971
4.6750,1.188790,4.251221
4.6833,1.223877,4.169471
4.6917,1.258282,4.087721
4.7000,1.292005,4.005971
4.7083,1.325048,3.924221
4.7167,1.357409,3.842471
4.7250,1.389089,3.760721
4.7333,1.420088,3.678971
4.7417,1.450405,3.597221
4.7500,1.480041,3.515471
4.7583,1.508996,3.433721
4.7667,1.537270,3.351971
4.7750,1.564862,3.270221
4.7833,1.591774,3.188471
4.7917,1.618004,3.106721
4.8000,1.643552,3.024971
4.8083,1.668420,2.943221
4.8167,1.692606,2.861471
4.8250,1.716111,2.779721
4.8333,1.738935,2.697971
4.8417,1.761077,2.616221
4.8500,1.782538,2.534471
4.8583,1.803318,2.452721
4.8667,1.823417,2.370971
4.8750,1.842835,2.289221
4.8833,1.861571,2.207471
4.8917,1.879626,2.125721
4.9000,1.897000,2.043971
4.9083,1.913692,1.962221
4.9167,1.929703,1.880471
4.9250,1.945033,1.798721
4.9333,1.959682,1.716971
4.9417,1.973649,1.635221
4.9500,1.986936,1.553471
4.9583,1.999541,1.471721
4.9667,2.011464,1.389971
4.9750,2.022707,1.308221
4.9833,2.033268,1.226471
4.9917,2.043148,1.144721
5.0000,2.052347,1.062971
5.0083,2.060864,0.981221
5.0167,2.068700,0.899471
5.0250,2.075855,0.817721
5.0333,2.082329,0.735971
5.0417,2.088122,0.654221
5.0500,2.093233,0.572471
5.0583,2.097663,0.490721
5.0667,2.101411,0.408971
5.0750,2.104479,0.327221
5.0833,2.106865,0.245471
5.0917,2.108570,0.163721
5.1000,2.109594,0.081971
5.1083,2.109936,0.000221
5.1167,2.109597,-0.081529
5.1250,2.108577,-0.163279
5.1333,2.106876,-0.245029
5.1417,2.104494,-0.326779
5.1500,2.101430,-0.408529
5.1583,2.097685,-0.490279
5.1667,2.093259,-0.572029
5.1750,2.088151,-0.653779
5.1833,2.082362,-0.735529
5.1917,2.075892,-0.817279
5.2000,2.068741,-0.899029
5.2083,2.060908,-0.980779
5.2167,2.052395,-1.062529
5.2250,2.043200,-1.144279
5.2333,2.033323,-1.226029
5.2417,2.022766,-1.307779
5.2500,2.011527,-1.389529
5.2583,1.999607,-1.471279
5.2667,1.987006,-1.553029
5.2750,1.973723,-1.634779
5.2833,1.959759,-1.716529
5.2917,1.945114,-1.798279
5.3000,1.929788,-1.880029
5.3083,1.913781,-1.961779
5.3167,1.897092,-2.043529
5.3250,1.879722,-2.125279
5.3333,1.861670,-2.207029
5.3417,1.842938,-2.288779
5.3500,1.823524,-2.370529
5.3583,1.803429,-2.452279
5.3667,1.782653,-2.534029
5.3750,1.761195,-2.615779
5.3833,1.739056,-2.697529
5.3917,1.716236,-2.779279
5.4000,1.692735,-2.861029
5.4083,1.668553,-2.942779
5.4167,1.643689,-3.024529
5.4250,1.618144,-3.106279
5.4333,1.591918,-3.188029
5.4417,1.565010,-3.269779
5.4500,1.537421,-3.351529
5.4583,1.509151,-3.433279
5.4667,1.480200,-3.515029
5.4750,1.450567,-3.596779
5.4833,1.420254,-3.678529
5.4917,1.389259,-3.760279
5.5000,1.357582,-3.842029
5.5083,1.325225,-3.923779
5.5167,1.292186,-4.005529
5.5250,1.258466,-4.087279
5.5333,1.224065,-4.169029
5.5417,1.188982,-4.250779
5.5500,1.153218,-4.332529
5.5583,1.116773,-4.414279
5.5667,1.079647,-4.496029
5.5750,1.041840,-4.577779
5.5833,1.003351,-4.659529
5.5917,0.964181,-4.741279
5.6000,0.924329,-4.823029
5.6083,0.883797,-4.904779
5.6167,0.842583,-4.986529
5.6250,0.800688,-5.068279
5.6333,0.758112,-5.150029
5.6417,0.714854,-5.231779
5.6500,0.670915,-5.313529
5.6583,0.626295,-5.395279
5.6667,0.580994,-5.477029
5.6750,0.535012,-5.558779
5.6833,0.488348,-5.640529
5.6917,0.441003,-5.722279
5.7000,0.392977,-5.804029
5.7083,0.344269,-5.885779
5.7167,0.294880,-5.967529
5.7250,0.244810,-6.049279
5.7333,0.194059,-6.131029
5.7417,0.142626,-6.212779
5.7500,0.129409,6.233589
5.7583,0.181015,6.151839
5.7667,0.231940,6.070089
5.7750,0.282183,5.988339
5.7833,0.331745,5.906589
5.7917,0.380626,5.824839
5.8000,0.428826,5.743089
5.8083,0.476344,5.661339
5.8167,0.523181,5.579589
5.8250,0.569337,5.497839
5.8333,0.614812,5.416089
5.8417,0.659606,5.334339
5.8500,0.703718,5.252589
5.8583,0.747149,5.170839
5.8667,0.789898,5.089089
5.8750,0.831967,5.007339
5.8833,0.873354,4.925589
5.8917,0.914060,4.843839
5.9000,0.954085,4.762089
5.9083,0.993428,4.680339
5.9167,1.032090,4.598589
5.9250,1.070071,4.516839
5.9333,1.107371,4.435089
5.9417,1.143989,4.353339
5.9500,1.179927,4.271589
5.9583,1.215183,4.189839
5.9667,1.249757,4.108089
5.9750,1.283651,4.026339
5.9833,1.316863,3.944589
5.9917,1.349394,3.862839
6.0000,1.381244,3.781089
6.0083,1.412412,3.699339
6.0167,1.442899,3.617589
6.0250,1.472705,3.535839
6.0333,1.501830,3.454089
6.0417,1.530273,3.372339
6.0500,1.558036,3.290589
6.0583,1.585116,3.208839
6.0667,1.611516,3.127089
6.0750,1.637235,3.045339
6.0833,1.662272,2.963589
6.0917,1.686628,2.881839
6.1000,1.710302,2.800089
6.1083,1.733296,2.718339
6.1167,1.755608,2.636589
6.1250,1.777239,2.554839
6.1333,1.798189,2.473089
6.1417,1.818457,2.391339
6.1500,1.838044,2.309589
6.1583,1.856950,2.227839
6.1667,1.875175,2.146089
6.1750,1.892719,2.064339
6.1833,1.909581,1.982589
6.1917,1.925762,1.900839
6.2000,1.941261,1.819089
6.2083,1.956080,1.737339
6.2167,1.970217,1.655589
6.2250,1.983673,1.573839
6.2333,1.996448,1.492089
6.2417,2.008541,1.410339
6.2500,2.019953,1.328589
6.2583,2.030684,1.246839
6.2667,2.040734,1.165089
6.2750,2.050102,1.083339
6.2833,2.058790,1.001589
6.2917,2.066796,0.919839
6.3000,2.074120,0.838089
6.3083,2.080764,0.756339
6.3167,2.086726,0.674589
6.3250,2.092007,0.592839
6.3333,2.096607,0.511089
6.3417,2.100525,0.429339
6.3500,2.103762,0.347589
6.3583,2.106318,0.265839
6.3667,2.108193,0.184089
6.3750,2.109386,0.102339
6.3833,2.109898,0.020589
6.3917,2.109729,-0.061161
6.4000,2.108879,-0.142911
6.4083,2.107348,-0.224661
6.4167,2.105135,-0.306411
6.4250,2.102241,-0.388161
6.4333,2.098665,-0.469911
6.4417,2.094409,-0.551661
6.4500,2.089471,-0.633411
6.4583,2.083852,-0.715161
6.4667,2.077552,-0.796911
6.4750,2.070570,-0.878661
6.4833,2.062907,-0.960411
6.4917,2.054563,-1.042161
6.5000,2.045538,-1.123911
6.5083,2.035831,-1.205661
6.5167,2.025444,-1.287411
6.5250,2.014375,-1.369161
6.5333,2.002624,-1.450911
6.5417,1.990193,-1.532661
6.5500,1.977080,-1.614411
6.5583,1.963286,-1.696161
6.5667,1.948811,-1.777911
6.5750,1.933654,-1.859661
6.5833,1.917816,-1.941411
6.5917,1.901297,-2.023161
6.6000,1.884097,-2.104911
6.6083,1.866215,-2.186661
6.6167,1.847653,-2.268411
6.6250,1.828408,-2.350161
6.6333,1.808483,-2.431911
6.6417,1.787877,-2.513661
6.6500,1.766589,-2.595411
6.6583,1.744620,-2.677161
6.6667,1.721969,-2.758911
6.6750,1.698638,-2.840661
6.6833,1.674625,-2.922411
6.6917,1.649931,-3.004161
6.7000,1.624556,-3.085911
6.7083,1.598499,-3.167661
6.7167,1.571761,-3.249411
6.7250,1.544342,-3.331161
6.7333,1.516242,-3.412911
6.7417,1.487461,-3.494661
6.7500,1.457998,-3.576411
6.7583,1.427854,-3.658161
6.7667,1.397028,-3.739911
6.7750,1.365522,-3.821661
6.7833,1.333334,-3.903411
6.7917,1.300465,-3.985161
6.8000,1.266915,-4.066911
6.8083,1.232683,-4.148661
6.8167,1.197770,-4.230411
6.8250,1.162176,-4.312161
6.8333,1.125901,-4.393911
6.8417,1.088944,-4.475661
6.8500,1.051307,-4.557411
6.8583,1.012988,-4.639161
6.8667,0.973987,-4.720911
6.8750,0.934306,-4.802661
6.8833,0.893943,-4.884411
6.8917,0.852899,-4.966161
6.9000,0.811174,-5.047911
6.9083,0.768767,-5.129661
6.9167,0.725679,-5.211411
6.9250,0.681910,-5.293161
6.9333,0.637460,-5.374911
6.9417,0.592328,-5.456661
6.9500,0.546515,-5.538411
6.9583,0.500021,-5.620161
6.9667,0.452846,-5.701911
6.9750,0.404990,-5.783661
6.9833,0.356452,-5.865411
6.9917,0.307233,-5.947161
7.0000,0.257332,-6.028911
7.0083,0.206751,-6.110661
7.0167,0.155488,-6.192411
7.0250,0.116461,6.253907
7.0333,0.168237,6.172157
7.0417,0.219331,6.090407
7.0500,0.269743,6.008657
7.0583,0.319475,5.926907
7.0667,0.368525,5.845157
7.0750,0.416894,5.763407
7.0833,0.464582,5.681657
7.0917,0.511588,5.599907
7.1000,0.557914,5.518157
7.1083,0.603558,5.436407
7.1167,0.648521,5.354657
7.1250,0.692802,5.272907
7.1333,0.736402,5.191157
7.1417,0.779321,5.109407
7.1500,0.821559,5.027657
7.1583,0.863116,4.945907
7.1667,0.903991,4.864157
7.1750,0.944185,4.782407
7.1833,0.983698,4.700657
7.1917,1.022529,4.618907
7.2000,1.060679,4.537157
7.2083,1.098148,4.455407
7.2167,1.134936,4.373657
7.2250,1.171043,4.291907
7.2333,1.206468,4.210157
7.2417,1.241212,4.128407
7.2500,1.275275,4.046657
7.2583,1.308656,3.964907
7.2667,1.341357,3.883157
7.2750,1.373376,3.801407
7.2833,1.404713,3.719657
7.2917,1.435370,3.637907
7.3000,1.465345,3.556157
7.3083,1.494639,3.474407
7.3167,1.523252,3.392657
7.3250,1.551183,3.310907
7.3333,1.578434,3.229157
7.3417,1.605003,3.147407
7.3500,1.630890,3.065657
7.3583,1.656097,2.983907
7.3667,1.680622,2.902157
7.3750,1.704466,2.820407
7.3833,1.727629,2.738657
7.3917,1.750110,2.656907
7.4000,1.771911,2.575157
7.4083,1.793030,2.493407
7.4167,1.813468,2.411657
7.4250,1.833224,2.329907
7.4333,1.852299,2.248157
7.4417,1.870693,2.166407
7.4500,1.888406,2.084657
7.4583,1.905438,2.002907
7.4667,1.921788,1.921157
7.4750,1.937457,1.839407
7.4833,1.952445,1.757657
7.4917,1.966751,1.675907
7.5000,1.980376,1.594157
7.5083,1.993320,1.512407
7.5167,2.005583,1.430657
7.5250,2.017165,1.348907
7.5333,2.028065,1.267157
7.5417,2.038284,1.185407
7.5500,2.047822,1.103657
7.5583,2.056678,1.021907
7.5667,2.064854,0.940157
7.5750,2.072348,0.858407
7.5833,2.079160,0.776657
7.5917,2.085292,0.694907
7.6000,2.090742,0.613157
7.6083,2.095511,0.531407
7.6167,2.099599,0.449657
7.6250,2.103005,0.367907
7.6333,2.105731,0.286157
7.6417,2.107775,0.204407
7.6500,2.109137,0.122657
7.6583,2.109819,0.040907
7.6667,2.109819,-0.040843
7.6750,2.109138,-0.122593
7.6833,2.107776,-0.204343
7.6917,2.105732,-0.286093
7.7000,2.103008,-0.367843
7.7083,2.099602,-0.449593
7.7167,2.095515,-0.531343
7.7250,2.090746,-0.613093
7.7333,2.085296,-0.694843
7.7417,2.079165,-0.776593
7.7500,2.072353,-0.858343
7.7583,2.064860,-0.940093
7.7667,2.056685,-1.021843
7.7750,2.047829,-1.103593
7.7833,2.038292,-1.185343
7.7917,2.028073,-1.267093
7.8000,2.017173,-1.348843
7.8083,2.005592,-1.430593
7.8167,1.993330,-1.512343
7.8250,1.980387,-1.594093
7.8333,1.966762,-1.675843
7.8417,1.952456,-1.757593
7.8500,1.937469,-1.839343
7.8583,1.921800,-1.921093
7.8667,1.905451,-2.002843
7.8750,1.888420,-2.084593
7.8833,1.870707,-2.166343
7.8917,1.852314,-2.248093
7.9000,1.833239,-2.329843
7.9083,1.813483,-2.411593
7.9167,1.793046,-2.493343
7.9250,1.771927,-2.575093
7.9333,1.750128,-2.656843
7.9417,1.727647,-2.738593
7.9500,1.704484,-2.820343
7.9583,1.680641,-2.902093
7.9667,1.656116,-2.983843
7.9750,1.630910,-3.065593
7.9833,1.605023,-3.147343
7.9917,1.578454,-3.229093
8.0000,1.551205,-3.310843
8.0083,1.523274,-3.392593
8.0167,1.494662,-3.474343
8.0250,1.465368,-3.556093
8.0333,1.435393,-3.637843
8.0417,1.404737,-3.719593
8.0500,1.373400,-3.801343
8.0583,1.341382,-3.883093
8.0667,1.308682,-3.964843
8.0750,1.275301,-4.046593
8.0833,1.241239,-4.128343
8.0917,1.206495,-4.210093
8.1000,1.171070,-4.291843
8.1083,1.134964,-4.373593
8.1167,1.098177,-4.455343
8.1250,1.060709,-4.537093
8.1333,1.022559,-4.618843
8.1417,0.983728,-4.700593
8.1500,0.944216,-4.782343
8.1583,0.904022,-4.864093
8.1667,0.863148,-4.945843
8.1750,0.821592,-5.027593
8.1833,0.779354,-5.109343
8.1917,0.736436,-5.191093
8.2000,0.692836,-5.272843
8.2083,0.648555,-5.354593
8.2167,0.603593,-5.436343
8.2250,0.557949,-5.518093
8.2333,0.511625,-5.599843
8.2417,0.464619,-5.681593
8.2500,0.416931,-5.763343
8.2583,0.368563,-5.845093
8.2667,0.319513,-5.926843
8.2750,0.269782,-6.008593
8.2833,0.219370,-6.090343
8.2917,0.168276,-6.172093
8.3000,0.116502,-6.253843
8.3083,0.155448,6.192425
8.3167,0.206711,6.110675
8.3250,0.257292,6.028925
8.3333,0.307193,5.947175
8.3417,0.356412,5.865425
8.3500,0.404950,5.783675
8.3583,0.452807,5.701925
8.3667,0.499982,5.620175
8.3750,0.546476,5.538425
8.3833,0.592289,5.456675
8.3917,0.637421,5.374925
8.4000,0.681871,5.293175
8.4083,0.725640,5.211425
8.4167,0.768728,5.129675
8.4250,0.811135,5.047925
8.4333,0.852860,4.966175
8.4417,0.893904,4.884425
8.4500,0.934267,4.802675
8.4583,0.973949,4.720925
8.4667,1.012949,4.639175
8.4750,1.051269,4.557425
8.4833,1.088906,4.475675
8.4917,1.125863,4.393925
8.5000,1.162139,4.312175
8.5083,1.197733,4.230425
8.5167,1.232646,4.148675
8.5250,1.266877,4.066925
8.5333,1.300428,3.985175
8.5417,1.333297,3.903425
8.5500,1.365485,3.821675
8.5583,1.396991,3.739925
8.5667,1.427817,3.658175
8.5750,1.457961,3.576425
8.5833,1.487424,3.494675
8.5917,1.516206,3.412925
8.6000,1.544306,3.331175
8.6083,1.571725,3.249425
8.6167,1.598463,3.167675
8.6250,1.624520,3.085925
8.6333,1.649895,3.004175
8.6417,1.674589,2.922425
8.6500,1.698602,2.840675
8.6583,1.721934,2.758925
8.6667,1.744584,2.677175
8.6750,1.766553,2.595425
8.6833,1.787841,2.513675
8.6917,1.808448,2.431925
8.7000,1.828373,2.350175
8.7083,1.847618,2.268425
8.7167,1.866181,2.186675
8.7250,1.884062,2.104925
8.7333,1.901263,2.023175
8.7417,1.917782,1.941425
8.7500,1.933620,1.859675
8.7583,1.948776,1.777925
8.7667,1.963252,1.696175
8.7750,1.977046,1.614425
8.7833,1.990159,1.532675
8.7917,2.002591,1.450925
8.8000,2.014341,1.369175
8.8083,2.025410,1.287425
8.8167,2.035798,1.205675
8.8250,2.045505,1.123925
8.8333,2.054530,1.042175
8.8417,2.062874,0.960425
8.8500,2.070537,0.878675
8.8583,2.077519,0.796925
8.8667,2.083819,0.715175
8.8750,2.089438,0.633425
8.8833,2.094376,0.551675
8.8917,2.098633,0.469925
8.9000,2.102208,0.388175
8.9083,2.105103,0.306425
8.9167,2.107315,0.224675
8.9250,2.108847,0.142925
8.9333,2.109698,0.061175
8.9417,2.109867,-0.020575
8.9500,2.109355,-0.102325
8.9583,2.108161,-0.184075
8.9667,2.106287,-0.265825
8.9750,2.103731,-0.347575
8.9833,2.100494,-0.429325
8.9917,2.096575,-0.511075
9.0000,2.091976,-0.592825
9.0083,2.086695,-0.674575
9.0167,2.080733,-0.756325
9.0250,2.074090,-0.838075
9.0333,2.066765,-0.919825
9.0417,2.058759,-1.001575
9.0500,2.050072,-1.083325
9.0583,2.040704,-1.165075
9.0667,2.030654,-1.246825
9.0750,2.019923,-1.328575
9.0833,2.008511,-1.410325
9.0917,1.996418,-1.492075
9.1000,1.983643,-1.573825
9.1083,1.970188,-1.655575
9.1167,1.956050,-1.737325
9.1250,1.941232,-1.819075
9.1333,1.925733,-1.900825
9.1417,1.909552,-1.982575
9.1500,1.892690,-2.064325
9.1583,1.875146,-2.146075
9.1667,1.856922,-2.227825
9.1750,1.838016,-2.309575
9.1833,1.818429,-2.391325
9.1917,1.798160,-2.473075
9.2000,1.777211,-2.554825
9.2083,1.755580,-2.636575
9.2167,1.733268,-2.718325
9.2250,1.710275,-2.800075
9.2333,1.686600,-2.881825
9.2417,1.662244,-2.963575
9.2500,1.637207,-3.045325
9.2583,1.611489,-3.127075
9.2667,1.585089,-3.208825
9.2750,1.558008,-3.290575
9.2833,1.530246,-3.372325
9.2917,1.501803,-3.454075
9.3000,1.472678,-3.535825
9.3083,1.442872,-3.617575
9.3167,1.412385,-3.699325
9.3250,1.381217,-3.781075
9.3333,1.349367,-3.862825
9.3417,1.316837,-3.944575
9.3500,1.283625,-4.026325
9.3583,1.249731,-4.108075
9.3667,1.215157,-4.189825
9.3750,1.179901,-4.271575
9.3833,1.143964,-4.353325
9.3917,1.107345,-4.435075
9.4000,1.070046,-4.516825
9.4083,1.032065,-4.598575
9.4167,0.993403,-4.680325
9.4250,0.954059,-4.762075
9.4333,0.914035,-4.843825
9.4417,0.873329,-4.925575
9.4500,0.831942,-5.007325
9.4583,0.789874,-5.089075
9.4667,0.747124,-5.170825
9.4750,0.703693,-5.252575
9.4833,0.659581,-5.334325
9.4917,0.614788,-5.416075
9.5000,0.569313,-5.497825
9.5083,0.523157,-5.579575
9.5167,0.476320,-5.661325
9.5250,0.428802,-5.743075
9.5333,0.380602,-5.824825
9.5417,0.331722,-5.906575
9.5500,0.282159,-5.988325
9.5583,0.231916,-6.070075
9.5667,0.180992,-6.151825
9.5750,0.129386,-6.233575
9.5833,0.142649,6.212642
9.5917,0.194080,6.130892
9.6000,0.244830,6.049142
9.6083,0.294899,5.967392
9.6167,0.344287,5.885642
9.6250,0.392993,5.803892
9.6333,0.441019,5.722142
9.6417,0.488362,5.640392
9.6500,0.535025,5.558642
9.6583,0.581006,5.476892
9.6667,0.626307,5.395142
9.6750,0.670925,5.313392
9.6833,0.714863,5.231642
9.6917,0.758119,5.149892
9.7000,0.800695,5.068142
9.7083,0.842589,4.986392
9.7167,0.883801,4.904642
9.7250,0.924333,4.822892
9.7333,0.964183,4.741142
9.7417,1.003352,4.659392
9.7500,1.041839,4.577642
9.7583,1.079646,4.495892
9.7667,1.116771,4.414142
9.7750,1.153215,4.332392
9.7833,1.188977,4.250642
9.7917,1.224059,4.168892
9.8000,1.258459,4.087142
9.8083,1.292178,4.005392
9.8167,1.325215,3.923642
9.8250,1.357572,3.841892
9.8333,1.389247,3.760142
9.8417,1.420241,3.678392
9.8500,1.450553,3.596642
9.8583,1.480185,3.514892
9.8667,1.509135,3.433142
9.8750,1.537404,3.351392
9.8833,1.564991,3.269642
9.8917,1.591898,3.187892
9.9000,1.618123,3.106142
9.9083,1.643667,3.024392
9.9167,1.668530,2.942642
9.9250,1.692711,2.860892
9.9333,1.716211,2.779142
9.9417,1.739030,2.697392
9.9500,1.761168,2.615642
9.9583,1.782624,2.533892
9.9667,1.803399,2.452142
9.9750,1.823493,2.370392
9.9833,1.842906,2.288642
9.9917,1.861637,2.206892
10.0000,1.879687,2.125142
