t,sidespin_x,sidespin_z,topspin_x,topspin_z,backspin_x,backspin_z,nospin_z
0.0000,0.0000,0.0000,0.0000,0.0000,0.0000,0.0000,0.0000
0.0500,0.0124,1.1968,0.0000,1.2000,0.0000,1.1936,1.1969
0.1000,0.0487,2.3735,0.0000,2.3859,0.0000,2.3611,2.3741
0.1500,0.1081,3.5302,0.0000,3.5570,0.0000,3.5035,3.5325
0.2000,0.1895,4.6674,0.0000,4.7129,0.0000,4.6219,4.6725
0.2500,0.2920,5.7852,0.0000,5.8533,0.0000,5.7171,5.7950
0.3000,0.4147,6.8838,0.0000,6.9775,0.0000,6.7901,6.9005
0.3500,0.5568,7.9635,0.0000,8.0853,0.0000,7.8417,7.9895
0.4000,0.7174,9.0245,0.0000,9.1761,0.0000,8.8728,9.0626
0.4500,0.8957,10.0670,0.0000,10.2497,0.0000,9.8842,10.1203
0.5000,1.0910,11.0913,0.0000,11.3057,0.0000,10.8767,11.1630
0.5500,1.3025,12.0975,0.0000,12.3436,0.0000,11.8510,12.1912
0.6000,1.5297,13.0857,0.0000,13.3633,0.0000,12.8078,13.2053
0.6500,1.7716,14.0564,0.0000,14.3642,0.0000,13.7479,14.2056
0.7000,2.0279,15.0095,0.0000,15.1758,0.0000,14.6719,15.1926
0.7500,2.2977,15.9453,0.0000,15.9388,0.0000,15.5805,16.1665
0.8000,2.5805,16.8639,0.0000,16.6971,0.0000,16.4743,17.1277
0.8500,2.8757,17.7656,0.0000,17.4496,0.0000,17.3539,18.0765
0.9000,3.1827,18.6505,0.0000,18.1950,0.0000,18.2200,19.0132
0.9500,3.5009,19.5188,0.0000,18.9322,0.0000,19.0730,19.9380
1.0000,3.8299,20.3707,0.0000,19.6603,0.0000,19.9135,20.8512
1.0500,4.1691,21.2063,0.0000,20.3781,0.0000,20.7420,21.7530
1.1000,4.5180,22.0257,0.0000,21.0575,0.0000,21.5592,22.6436
1.1500,4.8760,22.8292,0.0000,21.6204,0.0000,22.3653,23.5232
1.2000,5.2428,23.6168,0.0000,22.1812,0.0000,23.1610,24.3921
1.2500,5.5836,24.3195,0.0000,22.7390,0.0000,23.9467,25.1729
1.3000,5.8698,24.8857,0.0000,23.2925,0.0000,24.7228,25.8074
1.3500,6.1637,25.4456,0.0000,23.8407,0.0000,25.4898,26.4399
1.4000,6.4647,25.9984,0.0000,24.3826,0.0000,26.2480,27.0695
1.4500,6.7722,26.5431,0.0000,24.8611,0.0000,26.9979,27.6953
1.5000,7.0855,27.0791,0.0000,25.3266,0.0000,27.7398,28.3163
1.5500,7.4040,27.6057,0.0000,25.7896,0.0000,28.4742,28.9318
1.6000,7.7271,28.1220,0.0000,26.2492,0.0000,29.2013,29.5409
1.6500,8.0541,28.6275,0.0000,26.6951,0.0000,29.9215,30.1429
1.7000,8.3845,29.1216,0.0000,27.1137,0.0000,30.6351,30.7369
1.7500,8.6993,29.5846,0.0000,27.5304,0.0000,31.3425,31.2851
1.8000,8.9544,29.9745,0.0000,27.9432,0.0000,32.0440,31.7556
1.8500,9.2134,30.3611,0.0000,28.3385,0.0000,32.7398,32.2254
1.9000,9.4755,30.7436,0.0000,28.7314,0.0000,33.4302,32.6934
1.9500,9.7402,31.1211,0.0000,29.1176,0.0000,34.1155,33.1587
2.0000,10.0068,31.4930,0.0000,29.4986,0.0000,34.7959,33.6201
2.0500,10.2748,31.8585,0.0000,29.8751,0.0000,35.4718,34.0767
2.1000,10.5411,32.2149,0.0000,30.2472,0.0000,36.1432,34.5154
2.1500,10.7761,32.5386,0.0000,30.6150,0.0000,36.8105,34.9289
2.2000,11.0137,32.8595,0.0000,30.9783,0.0000,37.4738,35.3413
2.2500,11.2532,33.1768,0.0000,31.3374,0.0000,38.1335,35.7515
2.3000,11.4939,33.4899,0.0000,31.6923,0.0000,38.7895,36.1586
2.3500,11.7350,33.7978,0.0000,32.0429,0.0000,39.4422,36.5561
2.4000,11.9621,34.0924,0.0000,32.3894,0.0000,40.0917,36.9432
2.4500,12.1909,34.3840,0.0000,32.7317,0.0000,40.7382,37.3286
2.5000,12.4209,34.6720,0.0000,33.0700,0.0000,41.3819,37.7114
2.5500,12.6490,34.9556,0.0000,33.4042,0.0000,42.0228,38.0883
2.6000,12.8749,35.2351,0.0000,33.7344,0.0000,42.6611,38.4629
2.6500,13.1019,35.5113,0.0000,34.0606,0.0000,43.2970,38.8343
2.7000,13.3268,35.7838,0.0000,34.3828,0.0000,43.9306,39.2013
2.7500,13.5510,36.0514,0.0000,34.7012,0.0000,44.5620,39.5640
2.8000,13.7746,36.3142,0.0000,35.0156,0.0000,45.1913,39.9223
2.8500,13.9974,36.5723,0.0000,35.3262,0.0000,45.8187,40.2765
2.9000,14.2192,36.8258,0.0000,35.6330,0.0000,46.4441,40.6264
2.9500,14.4401,37.0748,0.0000,35.9360,0.0000,47.0677,40.9722
3.0000,14.6598,37.3194,0.0000,36.2353,0.0000,47.5891,41.3138
3.0500,14.8784,37.5597,0.0000,36.5308,0.0000,47.9110,41.6514
3.1000,15.0957,37.7958,0.0000,36.8226,0.0000,48.2364,41.9849
3.1500,15.3117,38.0279,0.0000,37.1107,0.0000,48.5645,42.3144
3.2000,15.5263,38.2559,0.0000,37.3953,0.0000,48.8946,42.6400
3.2500,15.7394,38.4800,0.0000,37.6762,0.0000,49.2260,42.9616
3.3000,15.9511,38.7003,0.0000,37.9535,0.0000,49.5581,43.2793
3.3500,16.1611,38.9168,0.0000,38.2272,0.0000,49.8901,43.5931
3.4000,16.3696,39.1297,0.0000,38.4975,0.0000,50.2215,43.9030
3.4500,16.5764,39.3390,0.0000,38.7642,0.0000,50.5515,44.2092
3.5000,16.7815,39.5448,0.0000,39.0275,0.0000,50.8796,44.5115
3.5500,16.9848,39.7472,0.0000,39.2873,0.0000,51.2050,44.8101
3.6000,17.1864,39.9462,0.0000,39.5437,0.0000,51.5272,45.1050
3.6500,17.3862,40.1419,0.0000,39.7967,0.0000,51.8456,45.3962
3.7000,17.5841,40.3344,0.0000,40.0463,0.0000,52.1595,45.6838
3.7500,17.7802,40.5237,0.0000,40.2925,0.0000,52.4684,45.9677
3.8000,17.9744,40.7099,0.0000,40.5355,0.0000,52.7718,46.2480
3.8500,18.1666,40.8930,0.0000,40.7751,0.0000,53.0684,46.5247
3.9000,18.3569,41.0732,0.0000,41.0114,0.0000,53.3477,46.7979
3.9500,18.5453,41.2504,0.0000,41.2444,0.0000,53.6289,47.0675
4.0000,18.7317,41.4248,0.0000,41.4743,0.0000,53.9115,47.3337
4.0500,18.9161,41.5963,0.0000,41.7008,0.0000,54.1948,47.5963
4.1000,19.0985,41.7650,0.0000,41.9242,0.0000,54.4782,47.8556
4.1500,19.2788,41.9309,0.0000,42.1444,0.0000,54.7611,48.1114
4.2000,19.4571,42.0942,0.0000,42.3614,0.0000,55.0429,48.3638
4.2500,19.6334,42.2548,0.0000,42.5753,0.0000,55.3230,48.6129
4.3000,19.8076,42.4128,0.0000,42.7861,0.0000,55.6009,48.8585
4.3500,19.9798,42.5682,0.0000,42.9937,0.0000,55.8760,49.1009
4.4000,20.1499,42.7211,0.0000,43.1983,0.0000,56.1477,49.3400
4.4500,20.3179,42.8715,0.0000,43.3997,0.0000,56.4155,49.5757
4.5000,20.4838,43.0194,0.0000,43.5982,0.0000,56.6743,49.8083
4.5500,20.6476,43.1649,0.0000,43.7935,0.0000,56.9333,50.0375
4.6000,20.8093,43.3081,0.0000,43.9859,0.0000,57.1927,50.2636
4.6500,20.9689,43.4488,0.0000,44.1752,0.0000,57.4519,50.4864
4.7000,21.1264,43.5872,0.0000,44.3616,0.0000,57.7104,50.7061
4.7500,21.2818,43.7233,0.0000,44.5449,0.0000,57.9676,50.9226
4.8000,21.4351,43.8571,0.0000,44.7253,0.0000,58.2230,51.1359
4.8500,21.5863,43.9887,0.0000,44.9028,0.0000,58.4761,51.3462
4.9000,21.7353,44.1181,0.0000,45.0773,0.0000,58.7245,51.5533
4.9500,21.8823,44.2452,0.0000,45.2489,0.0000,58.9692,51.7573
5.0000,22.0271,44.3702,0.0000,45.4176,0.0000,59.2140,51.9583
5.0500,22.1698,44.4931,0.0000,45.5834,0.0000,59.4582,52.1562
5.1000,22.3104,44.6138,0.0000,45.7464,0.0000,59.7014,52.3510
5.1500,22.4489,44.7324,0.0000,45.9066,0.0000,59.9431,52.5429
5.2000,22.5853,44.8489,0.0000,46.0638,0.0000,60.1814,52.7317
5.2500,22.7196,44.9634,0.0000,46.2183,0.0000,60.4167,52.9175
5.3000,22.8517,45.0758,0.0000,46.3698,0.0000,60.6515,53.1004
5.3500,22.9818,45.1862,0.0000,46.5186,0.0000,60.8855,53.2803
5.4000,23.1097,45.2946,0.0000,46.6645,0.0000,61.1175,53.4573
5.4500,23.2356,45.4011,0.0000,46.8076,0.0000,61.3460,53.6313
5.5000,23.3594,45.5056,0.0000,46.9479,0.0000,61.5736,53.8024
5.5500,23.4811,45.6081,0.0000,47.0855,0.0000,61.7998,53.9706
5.6000,23.6007,45.7087,0.0000,47.2202,0.0000,62.0226,54.1360
5.6500,23.7182,45.8074,0.0000,47.3522,0.0000,62.2423,54.2985
5.7000,23.8336,45.9042,0.0000,47.4815,0.0000,62.4588,54.4582
5.7500,23.9469,45.9990,0.0000,47.6080,0.0000,62.6721,54.6150
5.8000,24.0581,46.0920,0.0000,47.7318,0.0000,62.8824,54.7689
5.8500,24.1673,46.1831,0.0000,47.8528,0.0000,63.0895,54.9200
5.9000,24.2743,46.2723,0.0000,47.9712,0.0000,63.2935,55.0683
5.9500,24.3793,46.3597,0.0000,48.0868,0.0000,63.4945,55.2137
6.0000,24.4822,46.4452,0.0000,48.1998,0.0000,63.6924,55.3564
